Family,Protein Name,PDB ID,Species,Num. Subunits
1.1.01.01.,Sensory rhodopsin monomer,1xio,Nostoc sp.,1
1.1.01.01.,Bacteriorhodopsin,1m0l,Halobacterium salinarum,3
1.1.01.01.,Sensory rhodopsin II tetramer,1h2s,Natronomonas pharaonis,4
1.1.01.01.,Halorhodopsin,1e12,Halobacterium salinarum,3
1.1.01.01.,Archaerhodopsin-1,1uaz,Halobacterium sp.,1
1.1.01.01.,Bacteriorhodopsin K state with lipids ,1iw6,Halobacterium salinarum,3
1.1.01.01.,Bacteriorhodopsin trimer complex with annular lipids,2zzl,Halobacterium salinarum,3
1.1.01.01.,Sensory rhodopsin II monomer,1h68,Natronomonas pharaonis,1
1.1.01.01.,Bacteriorhodopsin monomer,1py6,Halobacterium salinarum,1
1.1.01.01.,Archaerhodopsin-2 monomer,1vgo,Halobacterium sp.,1
1.1.01.01.,Proton-pumping rhodopsin-2 from algae,3am6,Acetabularia acetabulum,1
1.1.01.01.,Bacteriorhodopsin from cubic phase,1ap9,Halobacterium salinarum,3
1.1.01.01.,Archaerhodopsin-2 trimeric,2ei4,Halobacterium sp.,3
1.1.01.01.,Xanthorhodopsin,3ddl,Salinibacter ruber,1
1.1.01.01.,Halorhodopsin,3a7k,Natronomonas pharaonis,3
1.1.01.01.,Green-light absorbing proteorhodopsin,2l6x,Gamma-proteobacterium,1
1.1.01.01.,Chimaera of channelrhodopsins 1 and 2,3ug9,Chlamydomonas reinhardtii,2
1.1.01.01.,Bacteriorhodopsin different loop conformaton,1fbk,Halobacterium salinarum,3
1.1.01.01.,Deltarhodopsin,4fbz,Haloterrigena thermotolerans,3
1.1.01.01.,Blue-light absorbing proteorhodopsin,4knf,Gamma-proteobacterium,5
1.1.01.01.,Proteorhodopsin,4jq6,Gamma-proteobacterium,6
1.1.01.01.,Halorhodopsin different conformation,3vvk,Natronomonas pharaonis,3
1.1.01.01.,Proteorhodopsin,4hyj,Exiguobacterium sibiricum,1
1.1.01.01.,Sensory rhodopsin trimer,2m3g,Nostoc sp.,3
1.1.01.01.,Cruxrhodopsin-3,4jr8,Haloarcula vallismortis,3
1.1.01.01.,Sensory rhodopsin dimer,4tl3,Nostoc sp.,2
1.1.01.01.,Bacteriorhodopsin-I,4pxk,Haloarcula marismortui,1
1.1.01.01.,Sodium pumping rhodopsin NaR monomer,4xtl,Dokdonia eikasta,1
1.1.01.01.,Sodium pumping rhodopsin NaR pentamer,4xto,Dokdonia eikasta,5
1.1.01.01.,Sodium pumping rhodopsin NaR dimer,3x3b,Dokdonia eikasta,2
1.1.01.01.,Rhodopsin I,5ax0,Acetabularia acetabulum,1
1.1.01.01.,Bacteriorhodopsin-I,4qi1,Haloquadratum walsbyi,3
1.1.01.01.,Bacteriorhodopsin-I,4wav,Haloquadratum walsbyi,1
1.1.01.02.,Opsin active retinal-free state dimer,3cap,Bos taurus,2
1.1.01.02.,Rhodopsin inactive complex with inverse agonist 11-cis retinal,1gzm,Bos taurus,1
1.1.01.02.,Squid rhodopsin complex with 11-cis retinal dimer,2z73,Todarodes pacificus,2
1.1.01.02.,Rhodopsin constitutively active mutant (metarhodopsin II) dimer,2x72,Bos taurus,2
1.1.01.02.,Beta-2 adrenergic receptor active state complex with G-protein,3sn6,Homo sapiens,1
1.1.01.02.,Adenosine receptor A2a inactive state engineered complex with inverse agonist,3pwh,Homo sapiens,1
1.1.01.02.,Rhodopsin partially active photobleached,2i37,Bos taurus,1
1.1.01.02.,Rhodopsin inactive state a dimer,2i36,Bos taurus,2
1.1.01.02.,Melanocortin-4 receptor model (active state) with agonist NDP-MSH,2iqr,Homo sapiens,1
1.1.01.02.,Melanocortin-4 receptor model (inactive state) with antagonist AGRP,2iqv,Homo sapiens,1
1.1.01.02.,Opioid mu receptor a dimer,4dkl,Mus musculus,2
1.1.01.02.,Beta-2 adrenergic receptor inactive state dimer,2rh1,Homo sapiens,2
1.1.01.02.,Adenosine receptor A2a inactive state complex with antagonist,3eml,Homo sapiens,1
1.1.01.02.,TM1-TM2 fragment of fungal STE2 receptor,2k9p,Saccharomyces cerevisiae,1
1.1.01.02.,Squid rhodopsin complex with 11-cis retinal,2ziy,Todarodes pacificus,1
1.1.01.02.,C-X-C chemokine receptor type 4 inactive complex with antagonist,3oe6,Homo sapiens,1
1.1.01.02.,C-X-C chemokine receptor type 4 inactive  with cyclic peptide antagonist,3oe0,Homo sapiens,2
1.1.01.02.,C-X-C chemokine receptor type 4 inactive dimer complex with antagonist,3odu,Homo sapiens,2
1.1.01.02.,Dopamine D3 receptor,3pbl,Homo sapiens,1
1.1.01.02.,Beta-1 adrenergic receptor inactive complex with agonist,2y02,Meleagris gallopavo,1
1.1.01.02.,Rhodopsin inactive conformation 2,3oax,Bos taurus,1
1.1.01.02.,Beta-2 adrenergic receptor active state complex with antibody,3p0g,Homo sapiens,1
1.1.01.02.,Rhodopsin active (metarhodopsin II) complex with peptide of transducin,3pqr,Bos taurus,1
1.1.01.02.,Rhodopsin active (metarhodopsin II) without transducin peptide,3pxo,Bos taurus,2
1.1.01.02.,Adenosine receptor A2a partially active state complex with agonist,3qak,Homo sapiens,1
1.1.01.02.,Adenosine receptor A2a partially active state engineered complex with agonist,2ydv,Homo sapiens,1
1.1.01.02.,Beta-1 adrenergic receptor inactive complex with antagonist,2ycw,Meleagris gallopavo,1
1.1.01.02.,Histamine H1 receptor,3rze,Homo sapiens,1
1.1.01.02.,Beta-2 adrenergic receptor inactive state,4gbr,Homo sapiens,1
1.1.01.02.,Beta-1 adrenergic receptor inactive multiple mutations,2vt4,Meleagris gallopavo,1
1.1.01.02.,Muscarinic acetylcholine receptor M2 inactive,3uon,Homo sapiens,1
1.1.01.02.,Adenosine receptor A2a complex with antibody,3vga,Homo sapiens,1
1.1.01.02.,Sphingosine 1-phosphate receptor 1,3v2y,Homo sapiens,1
1.1.01.02.,Muscarinic acetylcholine receptor M3 structure 1,4daj,Rattus norvegicus,1
1.1.01.02.,Opioid kappa receptor,4djh,Homo sapiens,2
1.1.01.02.,Adenosine receptor A2a complex with antagonist,3uza,Homo sapiens,1
1.1.01.02.,Nociceptin receptor,4ea3,Homo sapiens,1
1.1.01.02.,Opioid delta receptor,4ej4,Mus musculus,1
1.1.01.02.,Adenosine receptor A2a inactive state with annular lipids,4eiy,Homo sapiens,1
1.1.01.02.,Neurotensin receptor type 1 conformation 1,4grv,Rattus norvegicus,1
1.1.01.02.,C-X-C chemokine receptor type 1,2lnl,Homo sapiens,1
1.1.01.02.,Thrombin (proteinase-activated) receptor 1 PAR1,3vw7,Homo sapiens,1
1.1.01.02.,Beta-1 adrenergic receptor inactive dimer,4gpo,Meleagris gallopavo,2
1.1.01.02.,5-hydroxytryptamine receptor 2B,4ib4,Homo sapiens,1
1.1.01.02.,5-hydroxytryptamine receptor 1B conformation 1,4iar,Homo sapiens,1
1.1.01.02.,5-hydroxytryptamine receptor 1B conformation 2,4iaq,Homo sapiens,1
1.1.01.02.,Rhodopsin inactive conformation 3,1u19,Bos taurus,1
1.1.01.02.,C-C chemokine receptor type 5,4mbs,Homo sapiens,1
1.1.01.02.,Muscarinic acetylcholine receptor M2 active,4mqs,Homo sapiens,1
1.1.01.02.,Opioid delta receptor apo,4n6h,Homo sapiens,1
1.1.01.02.,Neurotensin receptor type 1 conformation 2,4buo,Rattus norvegicus,1
1.1.01.02.,P2Y purinoceptor 12,4ntj,Homo sapiens,1
1.1.01.02.,P2Y purinoceptor 12,4pxz,Homo sapiens,1
1.1.01.02.,Free fatty acid receptor 1,4phu,Homo sapiens,1
1.1.01.02.,Opsin complex with arrestin peptide,4pxf,Bos taurus,1
1.1.01.02.,Muscarinic acetylcholine receptor M3 structure 2,4u15,Rattus norvegicus,1
1.1.01.02.,Orexin receptor type 2,4s0v,Homo sapiens,1
1.1.01.02.,Opioid delta receptor complex with peptide,4rwa,Homo sapiens,1
1.1.01.02.,C-X-C chemokine receptor type 4 complex with peptide,4rws,Homo sapiens,1
1.1.01.02.,Viral GPCR US28 complex with fractalkine,4xt3,Human herpesvirus,1
1.1.01.02.,Viral GPCR US28 complex with fractalkine and nanobody,4xt1,Human herpesvirus,1
1.1.01.02.,P2Y purinoceptor 1 conformation 1,4xnv,Homo sapiens,1
1.1.01.02.,P2Y purinoceptor 1 conformation 2,4xnw,Homo sapiens,1
1.1.01.02.,Adenosine receptor A2a active-like complex with agonist,4uhr,Homo sapiens,7
1.1.01.02.,Type-1 angiotensin II receptor,4yay,Homo sapiens,1
1.1.01.02.,Lysophosphatidic acid receptor 1,4z34,Homo sapiens,1
1.1.01.02.,Rhodopsin complex with arrestin,4zwj,Homo sapiens,1
1.1.01.02.,Neurotensin receptor type 1 conformation 3,4xes,Rattus norvegicus,1
1.1.01.02.,Opioid mu receptor active state,5c1m,Mus musculus,1
1.1.01.02.,Beta-1 adrenergic receptor mutant with inverse agonist,5a8e,Meleagris gallopavo,1
1.1.01.03.,Ectodomain of G-protein coupled receptor Mth,1fjr,Drosophila melanogaster,1
1.1.01.03.,Corticotropin-releasing factor receptor 1,4k5y,Homo sapiens,1
1.1.01.03.,Glucagon receptor,4l6r,Homo sapiens,1
1.1.01.04.,Smoothened homolog dimer structure 1,4jkv,Homo sapiens,2
1.1.01.04.,Smoothened homolog monomer conformation 1,4n4w,Homo sapiens,1
1.1.01.04.,Smoothened homolog monomer conformation 2,4o9r,Homo sapiens,1
1.1.01.04.,Smoothened homolog dimer structure 2,4qin,Homo sapiens,2
1.1.01.05.,Metabotropic glutamate receptor 1,4or2,Homo sapiens,2
1.1.01.05.,Metabotropic glutamate receptor 5,4oo9,Homo sapiens,1
1.1.01.06.,Adiponectin receptor 1,3wxv,Homo sapiens,1
1.1.02.01.,Photosynthetic reaction center complex with cytochrome c,1eys,Thermochromatium tepidum,3
1.1.02.01.,Photosynthetic reaction center complex with cytochrome c,1l9b,Rhodobacter sphaeroides,3
1.1.02.01.,Photosynthetic reaction center complex with cytochrome c,1dxr,Rhodopseudomonas viridis,3
1.1.02.01.,Photosynthetic reaction center,2j8c,Rhodobacter sphaeroides,3
1.1.02.01.,Photosynthetic reaction center more complete structure,2j8d,Rhodobacter sphaeroides,3
1.1.02.02.,Photosystem I of cyanobacteria,1jb0,Thermosynechococcus elongatus,9
1.1.02.02.,Photosystem I of cyanobacteria complete trimeric complex,3pcq,Thermosynechococcus elongatus,27
1.1.02.02.,Photosystem I of plants,4rku,Pisum sativum,13
1.1.02.02.,Photosystem I of cyanobacteria virus-like structure 1,4kt0,Synechocystis sp.,6
1.1.02.02.,Photosystem I of cyanobacteria virus-like structure 2,4l6v,Synechocystis sp.,7
1.1.02.02.,Photosystem I of plants,4xk8,Arabidopsis thaliana,13
1.1.02.03.,Photosystem II Br-substituted,3a0b,Thermosynechococcus vulcanus,34
1.1.02.03.,Photosystem II monomeric form,3kzi,Thermosynechococcus elongatus,16
1.1.02.03.,Photosystem II,3wu2,Thermosynechococcus vulcanus,32
1.1.02.03.,Photosystem II,4pj0,Thermosynechococcus elongatus,34
1.1.02.03.,Photosystem II,4yuu,Cyanidium caldarium,34
1.1.02.04.,Reaction center-LH1-PufX dimer complex unit 1,4jcb,Rhodobacter sphaeroides,32
1.1.02.04.,Reaction center-LH1-PufX dimer complex unit 2,4jc9,Rhodobacter sphaeroides,32
1.1.02.04.,LH1-RC complex C2 form,3wmm,Thermochromatium tepidum,35
1.1.02.04.,LH1-RC complex P21 form,3wmo,Thermochromatium tepidum,35
1.1.02.05.,Light-harvesting complex LH2,1nkz,Rhodopseudomonas acidophila,18
1.1.02.05.,Light-harvesting complex LH3,1ijd,Rhodopseudomonas acidophila,18
1.1.02.05.,Light-harvesting complex,1lgh,Rhodospirillum molischianum,16
1.1.02.05.,Light-harvesting complex LH1 alpha chain,1xrd,Rhodospirillum rubrum,1
1.1.02.05.,Light-harvesting protein B-870 beta chain,1wrg,Rhodospirillum rubrum,1
1.1.02.05.,Light-harvesting protein B-875 beta chain,1jo5,Rhodobacter sphaeroides,1
1.1.02.06.,Light-harvesting complex CP29,3pl9,Spinacia oleracea,1
1.1.02.06.,Light-Harvesting Complex II,1rwt,Spinacia oleracea,3
1.1.02.06.,Light-Harvesting Complex II,2bhw,Pisum sativum,3
1.1.02.06.,Photoprotective protein PsbS,4ri2,Spinacia oleracea,2
1.1.04.01.,Respiratory complex I,4wz7,Yarrowia lipolytica,22
1.1.04.01.,Respiratory complex I,3rko,Escherichia coli,6
1.1.04.01.,Respiratory complex I,2ybb,Bos taurus,26
1.1.04.01.,Respiratory complex I,4hea,Thermus thermophilus,7
1.1.05.01.,Polysulfide reductase inactive state,2vpz,Thermus thermophilus,2
1.1.05.01.,Polysulfide reductase substrate-bound state,2vpx,Thermus thermophilus,2
1.1.05.02.,Formate dehydrogenase,1kqf,Escherichia coli,6
1.1.05.03.,Respiratory Nitrate Reductase,1q16,Escherichia coli,2
1.1.05.04.,Succinate dehydrogenase (mitochondrial respiratory complex II),1zoy,Sus scrofa,2
1.1.05.04.,Succinate dehydrogenase (mitochondrial respiratory complex II),1yq3,Gallus gallus,2
1.1.05.04.,Fumarate reductase,2bs2,Wolinella succinogenes,2
1.1.05.04.,Succinate dehydrogenase (mitochondrial respiratory complex II),3vr8,Ascaris suum,2
1.1.05.05.,Fumarate reductase,1kf6,Escherichia coli,2
1.1.05.05.,Succinate dehydrogenase,1nek,Escherichia coli,6
1.1.05.06.,Ni/Fe-hydrogenase complex,4gd3,Escherichia coli,3
1.1.06.01.,Cytochrome b6f,1q90,Chlamydomonas reinhardtii,16
1.1.06.01.,Cytochrome bc1 mitochondrial structure 1,1l0l,Bos taurus,12
1.1.06.01.,Cytochrome bc1 mitochondrial with cytochrome c iso-1,3cx5,Saccharomyces cerevisiae,10
1.1.06.01.,Cytochrome bc1 mitochondrial structure 3,1pp9,Bos taurus,10
1.1.06.01.,Cytochrome b6f structure 1,2e74,Mastigocladus laminosus,16
1.1.06.01.,Cytochrome b6f,2zt9,Nostoc sp.,16
1.1.06.01.,Cytochrome bc1 mitochondrial,3h1j,Gallus gallus,10
1.1.06.01.,Cytochrome bc1 bacterial,1zrt,Rhodobacter capsulatus,6
1.1.06.01.,Cytochrome bc1 bacterial,2qjy,Rhodobacter sphaeroides,6
1.1.06.01.,Cytochrome bc1 bacterial,2yiu,Paracoccus denitrificans,6
1.1.06.01.,Cytochrome b6f structure 2,2d2c,Mastigocladus laminosus,16
1.1.06.01.,Cytochrome b6f structure 3,4h13,Mastigocladus laminosus,16
1.1.06.01.,Cytochrome bc1 mitochondrial structure 2,2fyu,Bos taurus,12
1.1.06.01.,Cytochrome bc1 mitochondrial bovine/chicken structure 1,1bcc,Bos taurus,24
1.1.06.01.,Cytochrome bc1 mitochondrial bovine/chicken structure 2,3bcc,Bos taurus,24
1.1.06.01.,Cytochrome b6f structure 4,4pv1,Mastigocladus laminosus,16
1.1.06.01.,Cytochrome bc1 mitochondrial with cytochrome c iso-2,3cxh,Saccharomyces cerevisiae,24
1.1.06.01.,Cytochrome bc1 mitochondrial,1ezv,Saccharomyces cerevisiae,24
1.1.06.02.,Ascorbate-dependent oxidoreductase,4o6y,Arabidopsis thaliana,2
1.1.07.01.,Bacterial cytochrome c oxidase,1m56,Rhodobacter sphaeroides,4
1.1.07.01.,Bacterial cytochrome c oxidase,1qle,Paracoccus denitrificans,4
1.1.07.01.,Ubiquinol Oxidase,1fft,Escherichia coli,3
1.1.07.01.,Mitochondrial cytochrome c oxidase,2dyr,Bos taurus,20
1.1.07.01.,Bacterial cytochrome c oxidase cbb3 type,3mk7,Pseudomonas stutzeri,4
1.1.07.01.,Nitric oxide reductase,3o0r,Pseudomonas aeruginosa,2
1.1.07.01.,Nitric oxide reductase,3ayf,Bacillus stearothermophilus,1
1.1.07.01.,Bacterial  cytochrome c oxidase caa3-type,2yev,Thermus thermophilus,3
1.1.07.01.,Bacterial cytochrome c oxidase,3s8g,Thermus thermophilus,3
1.1.08.01.,F1F0 ATP synthase subunit c,1a91,Escherichia coli,1
1.1.08.01.,F1F0 ATP synthase F0 complex,1c17,Escherichia coli,13
1.1.08.01.,F-type Sodium ATPase,1yce,Ilyobacter tartaricus,11
1.1.08.01.,V-type Sodium ATPase,2bl2,Enterococcus hirae,10
1.1.08.01.,F1F0 ATP synthase F0 complex conformation 1,2x2v,Bacillus pseudofirmus,13
1.1.08.01.,F1F0 ATP synthase subunit c,1wu0,Bacillus ps3,1
1.1.08.01.,F1F0 ATP synthase F0F1 complex,2xok,Saccharomyces cerevisiae,10
1.1.08.01.,ATP synthase subunit b peptide 1-33,1b9u,Escherichia coli,1
1.1.08.01.,ATP synthase of chloroplast,2w5j,Spinacia oleracea,14
1.1.08.01.,F1F0 ATP synthase F0 complex,2xqu,Arthrospira platensis,15
1.1.08.01.,F1F0 ATP synthase F0 complex,4f4s,Saccharomyces cerevisiae,10
1.1.08.01.,F1F0 ATP synthase F0F1 complex more complete model,4b2q,Saccharomyces cerevisiae,10
1.1.08.01.,ATP synthase of chloroplast,3v3c,Pisum sativum,14
1.1.08.01.,F1F0 ATP synthase F0F1 complex different conformation,3zry,Saccharomyces cerevisiae,10
1.1.08.01.,F1F0 ATP synthase F0 complex conformation 2,3zo6,Bacillus pseudofirmus,12
1.1.08.01.,F1F0 ATP synthase F0 complex,3zk1,Fusobacterium nucleatum,11
1.1.08.01.,F1F0 ATP synthase F0 complex,4bem,Acetobacterium woodii,10
1.1.08.01.,V-type proton ATPase vacuolar state 1,3j9t,Saccharomyces cerevisiae,10
1.1.08.01.,F1F0 ATP synthase subunit c deprotonated form,1c99,Escherichia coli,1
1.1.08.01.,F1F0 ATP synthase subunit c double mutant,1l6t,Escherichia coli,1
1.1.08.01.,V-type proton ATPase vacuolar state 2,3j9u,Saccharomyces cerevisiae,10
1.1.08.01.,V-type proton ATPase vacuolar state 3,3j9v,Saccharomyces cerevisiae,10
1.1.08.01.,ATP synthase F0 rotor ring,4v1f,Mycobacterium phlei,9
1.1.08.01.,F1F0 ATP synthase,5dn6,Paracoccus denitrificans,13
1.1.09.01.,Calcium ATPase E1-2Ca state conformation 1,3ar2,Oryctolagus cuniculus,1
1.1.09.01.,Calcium ATPase E2-Pi state conformation 1,1wpg,Oryctolagus cuniculus,1
1.1.09.01.,Calcium ATPase E1-ATP state,1t5s,Oryctolagus cuniculus,1
1.1.09.01.,Calcium ATPase E1P-ADP state,2zbd,Oryctolagus cuniculus,1
1.1.09.01.,Calcium ATPase E2 state (Ca-free) conformation 1,2agv,Oryctolagus cuniculus,1
1.1.09.01.,Copper efflux ATPase,3rfu,Legionella pneumophila,1
1.1.09.01.,Calcium ATPase E2-Pi state conformation 2,3ar8,Oryctolagus cuniculus,1
1.1.09.01.,Copper efflux ATPase CopA,3j08,Archaeoglobus fulgidus,2
1.1.09.01.,Calcium ATPase E2-Pi state conformation 3,3b9b,Oryctolagus cuniculus,1
1.1.09.01.,Sodium-potassium pump  E2P state conformation 1,3b8e,Sus scrofa,3
1.1.09.01.,Plasma membrane ATPase 2 E1-ATP state,3b8c,Arabidopsis thaliana,1
1.1.09.01.,Sodium-potassium pump E2P state,2zxe,Squalus acanthias,3
1.1.09.01.,Sodium-potassium pump E2P state conformation 3,3kdp,Sus scrofa,3
1.1.09.01.,Calcium ATPase E2 state (Ca-free) conformation 7,3ar9,Oryctolagus cuniculus,1
1.1.09.01.,Proton-potassium pump,2xzb,Sus scrofa,2
1.1.09.01.,Sodium-potassium pump E2P state conformation 2,3n23,Sus scrofa,3
1.1.09.01.,Plasma membrane ATPase,1mhs,Neurospora crassa,2
1.1.09.01.,Copper efflux ATPase CopA alternative conformation,3j09,Archaeoglobus fulgidus,2
1.1.09.01.,Sarcoplasmic/endoplasmic reticulum calcium ATPase 1,3tlm,Bos taurus,1
1.1.09.01.,Proton-potassium pump different conformation,2yn9,Sus scrofa,2
1.1.09.01.,Calcium ATPase E1 Mg2+ state complex with  sarcolipin,3w5a,Oryctolagus cuniculus,2
1.1.09.01.,Calcium ATPase E1 Ca2+ state complex with  sarcolipin,4h1w,Oryctolagus cuniculus,2
1.1.09.01.,Calcium ATPase E2 state (Ca-free) conformation 2,2by4,Oryctolagus cuniculus,1
1.1.09.01.,Calcium ATPase E2 state (Ca-free) conformation 3,2ear,Oryctolagus cuniculus,1
1.1.09.01.,Calcium ATPase E2 state (Ca-free) conformation 4,3fps,Oryctolagus cuniculus,1
1.1.09.01.,Calcium ATPase E2 state (Ca-free) conformation 5,1kju,Oryctolagus cuniculus,1
1.1.09.01.,Calcium ATPase E2 state (Ca-free) conformation 6,2zbe,Oryctolagus cuniculus,1
1.1.09.01.,Calcium ATPase E2 state (Ca-free) conformation 8,2zbg,Oryctolagus cuniculus,1
1.1.09.01.,Calcium ATPase E2-Pi state conformation 4,3b9r,Oryctolagus cuniculus,1
1.1.09.01.,Calcium ATPase E2-Pi state conformation 5,3fpb,Oryctolagus cuniculus,1
1.1.09.01.,Calcium ATPase E2-Pi state conformation 6,1xp5,Oryctolagus cuniculus,1
1.1.09.01.,Calcium ATPase E2-Pi state conformation 7,3n5k,Oryctolagus cuniculus,1
1.1.09.01.,Calcium ATPase E1-2Ca state conformation 2,3ba6,Oryctolagus cuniculus,1
1.1.09.01.,Calcium ATPase E1-2Ca state conformation 3,1su4,Oryctolagus cuniculus,1
1.1.09.01.,Calcium ATPase E1-2Ca state conformation 4,2c9m,Oryctolagus cuniculus,1
1.1.09.01.,Calcium ATPase E2 state (Ca-free) complex with phospholamban,4kyt,Oryctolagus cuniculus,3
1.1.09.01.,Sodium-potassium pump Na+ bound state,4hqj,Sus scrofa,3
1.1.09.01.,Sodium-potassium pump Na+ bound E1P preceeding state,3wgu,Sus scrofa,3
1.1.09.01.,Copper efflux ATPase E2P state,4bbj,Legionella pneumophila,1
1.1.09.01.,Calcium ATPase E1-2Ca state conformation 5,4nab,Oryctolagus cuniculus,1
1.1.09.01.,Zinc-transporting ATPase ZntA E2P state,4umv,Shigella sonnei,1
1.1.09.01.,Zinc-transporting ATPase ZntA E2.PI state,4umw,Shigella sonnei,1
1.1.09.01.,Proton-potassium pump antagonist-bound,4ux2,Sus scrofa,2
1.1.09.01.,Sodium-potassium pump E2P state conformation 4,4res,Sus scrofa,3
1.1.09.01.,Calcium ATPase E2 state (Ca-free) conformation 9,4ycl,Oryctolagus cuniculus,1
1.1.09.01.,Calcium ATPase E1 state with macrolide BLS,4ycm,Oryctolagus cuniculus,1
1.1.10.01.,ABC transporter BtuCD symmetric structure,1l7v,Escherichia coli,2
1.1.10.01.,ABC transporter permease HI1471,2nq2,Haemophilus influenzae,2
1.1.10.01.,ABC transporter BtuCD complex with BtuF structure 1,2qi9,Escherichia coli,2
1.1.10.01.,ABC transporter BtuCD nucleotide-bound state,4fi3,Escherichia coli,2
1.1.10.01.,Hemin transport system permease HmuU,4g1u,Yersinia pestis,2
1.1.10.01.,ABC transporter BtuCD complex with BtuF structure 2,4dbl,Escherichia coli,2
1.1.10.01.,ABC transporter BtuCD a nucleotide-bound outward facing state,4r9u,Escherichia coli,2
1.1.10.02.,Molybdate transporter ModBC open state,3d31,Methanosarcina acetivorans,2
1.1.10.02.,Molybdate transporter ModBC open state,2onk,Archaeoglobus fulgidus,2
1.1.10.02.,Maltose transporter MalFGK outward conformation,3puw,Escherichia coli,2
1.1.10.02.,Methionine importer MetNI conformation 1,3tui,Escherichia coli,2
1.1.10.02.,Maltose transporter MalFGK inward conformation TMH 1 deleted,3fh6,Escherichia coli,2
1.1.10.02.,Maltose transporter MalFGK a pre-translocation state,3puz,Escherichia coli,2
1.1.10.02.,Methionine importer MetNI conformation 2,3tuj,Escherichia coli,2
1.1.10.02.,Methionine importer MetNI conformation 3,3dhw,Escherichia coli,2
1.1.10.02.,Maltose transporter MalFGK complex with protein EIIAglc,4jbw,Escherichia coli,2
1.1.10.02.,ABC-type polar amino acid transporter,4ymu,Caldanaerobacter subterraneus,2
1.1.10.02.,Alg transporter,4tqu,Sphingomonas sp.,2
1.1.10.03.,Multidrug ABC transporter SAV1866 closed state,2hyd,Staphylococcus aureus,2
1.1.10.03.,Lipid flippase MsbA open state,3b60,Salmonella enterica,2
1.1.10.03.,Mitochondrial ABC transporter ABCB10 conformation 1,4ayt,Homo sapiens,2
1.1.10.03.,Mitochondrial ABC transporter ABCB10 conformation 2,4ayw,Homo sapiens,2
1.1.10.03.,ABC transporter inward-facing conformation,3qf4,Thermotoga maritima,2
1.1.10.03.,Mitochondrial ABC transporter ABCB10 conformation 3,4ayx,Homo sapiens,2
1.1.10.03.,Mitochondrial ABC transporter ABCB10 conformation 4,3zdq,Homo sapiens,2
1.1.10.03.,Lipid flippase MsbA closed state,3b5x,Vibrio cholerae,2
1.1.10.03.,ABC transporter related protein,4mrs,Novosphingobium aromaticivorans,2
1.1.10.03.,Iron-sulfur clusters transporter ATM1,4myc,Saccharomyces cerevisiae,2
1.1.10.03.,ATP-binding cassette sub-family B member 1,3wme,Cyanidoschyzon merolae,2
1.1.10.03.,ATP-binding cassette sub-family B member 1 mutant,3wmg,Cyanidoschyzon merolae,1
1.1.10.03.,Microcin-J25 export ATP-binding/permease protein McjD,4pl0,Escherichia coli,2
1.1.10.03.,ABC-type bacteriocin transporter,4ry2,Clostridium thermocellum,2
1.1.10.03.,Oligosaccharide flippase PglK apo-inward state 1,5c78,Campylobacter jejuni,12
1.1.10.03.,Oligosaccharide flippase PglK apo-inward state 2,5c76,Campylobacter jejuni,2
1.1.10.04.,P-glycoprotein inward-facing conformation 1a,3g5u,Mus musculus,1
1.1.10.04.,Multidrug resistance protein pgp-1,4f4c,Caenorhabditis elegans,1
1.1.10.04.,P-glycoprotein inward-facing conformation 1b,4lsg,Mus musculus,1
1.1.10.04.,P-glycoprotein inward-facing conformation 2a,4ksb,Mus musculus,1
1.1.10.04.,P-glycoprotein inward-facing conformation 2b,4ksc,Mus musculus,1
1.1.10.04.,P-glycoprotein inward-facing conformation 2c,4ksd,Mus musculus,1
1.1.10.04.,P-glycoprotein inward-facing conformation 1c,4m1m,Mus musculus,1
1.1.10.04.,P-glycoprotein inward-facing conformation 3,4q9l,Mus musculus,1
1.1.10.04.,P-glycoprotein inward-facing conformation 4,4q9i,Mus musculus,1
1.1.10.04.,P-glycoprotein inward-facing conformation 5,4q9j,Mus musculus,1
1.1.11.01.,Protein translocase SecY closed state mutant,1rh5,Methanococcus jannaschii,3
1.1.11.01.,Protein translocase SecY complex with ribosome 2,3bo0,Methanococcus jannaschii,3
1.1.11.01.,Protein translocase SecY complex with SecA,3din,Thermotoga maritima,3
1.1.11.01.,Protein translocase SecY pre-open state,2zjs,Thermus thermophilus,2
1.1.11.01.,Protein translocase SecY mutant with full-plug (TM2a) deletion,2yxr,Methanococcus jannaschii,3
1.1.11.01.,Protein translocase Sec61 complex with ribosome,2wwb,Canis lupus familiaris,3
1.1.11.01.,Protein translocase SecY partialy open,3mp7,Pyrococcus furiosus,2
1.1.11.01.,Protein translocase SecY complex with ribosome 1,3dkn,Methanococcus jannaschii,3
1.1.11.01.,Ribosome-SecYE complex structure 1,3j01,Escherichia coli,2
1.1.11.01.,Protein translocase SecY closed state,2zqp,Thermus thermophilus,2
1.1.11.01.,Protein translocase SecY mutant with half-plug (TM2a) deletion,2yxq,Methanococcus jannaschii,3
1.1.11.01.,Protein translocase SecY closed state,1rhz,Methanococcus jannaschii,3
1.1.11.01.,Protein translocase SecY complex with ribosome 3,1vvk,Methanococcus jannaschii,3
1.1.11.01.,Ribosome-SecYE complex structure 2,3j45,Escherichia coli,3
1.1.11.01.,Ribosome-SecYE complex structure 3,3j46,Escherichia coli,4
1.1.11.01.,Protein translocase Sec61 structure 1,4cg5,Canis lupus familiaris,3
1.1.11.01.,Protein translocase Sec61 structure 2,4cg6,Canis lupus familiaris,4
1.1.11.01.,Protein translocase Sec61 structure 3,4cg7,Canis lupus familiaris,3
1.1.11.01.,Ribosome-SecYE complex structure 4,3kcr,Escherichia coli,3
1.1.11.01.,Protein translocase Sec61 complex with ribosome,4w25,Sus scrofa,3
1.1.11.01.,Protein translocase Sec61 complex with ribosome active state,2ww9,Saccharomyces cerevisiae,3
1.1.11.01., Protein translocase Sec61 complex with ribosome idle state,2wwa,Saccharomyces cerevisiae,3
1.1.11.01.,Protein translocase Sec61 structure 4,5a6u,Canis lupus familiaris,3
1.1.11.01.,Protein translocase SecY resting state,5aww,Thermus thermophilus,3
1.1.11.01.,Protein translocase SecY peptide-bound,5ch4,Thermus thermophilus,3
1.1.11.01.,Protein translocase Sec61 with signal peptide,3jc2,Canis lupus familiaris,13
1.1.12.01.,Potassium channel KcsA,1r3j,Streptomyces lividans,4
1.1.12.01.,Potassium channel KcsA,1s5h,Streptomyces coelicolor,4
1.1.12.01.,Potassium channel KvAP complex with Fab,1orq,Aeropyrum pernix,4
1.1.12.01.,Potassium channel Kv1.2.,2a79,Rattus norvegicus,4
1.1.12.01.,Potassium channel KvAP,2a0l,Aeropyrum pernix,4
1.1.12.01.,NaK potassium channel closed state,2ahy,Bacillus cereus,4
1.1.12.01.,Potassium channel KcsA full length open,3pjs,Streptomyces lividans,4
1.1.12.01.,NaK potassium channel open state mutant with DMA,4r7c,Bacillus cereus,4
1.1.12.01.,Potassium channel Kv1.2 - Kv2.1. chimera in membrane-like environment,2r9r,Rattus norvegicus,4
1.1.12.01.,Bacterial cyclic nucleotide regulated ion channel,3beh,Rhizobium loti,4
1.1.12.01.,Potassium channel KcsA full-length closed,3eff,Streptomyces lividans,4
1.1.12.01.,NaK potassium channel open state,3e86,Bacillus cereus,4
1.1.12.01.,Potassium channel Kv1.2. - Kv2.1. chimera,3lnm,Rattus norvegicus,4
1.1.12.01.,Potassium channel Kv1.2. full-length,3lut,Rattus norvegicus,4
1.1.12.01.,Potassium channel KcsA open inactivated state,3f5w,Streptomyces lividans,4
1.1.12.01.,Potassium channel KscA complex with charibdotoxin,2a9h,Streptomyces lividans,4
1.1.12.01.,Potassium channel KcsA 17A opening conformer,3f7y,Streptomyces lividans,4
1.1.12.01.,Potassium channel KcsA 23A opening conformer,3f7v,Streptomyces lividans,4
1.1.12.01.,Potassium channel KcsA 14.5 A opening conformer,3fb5,Streptomyces lividans,4
1.1.12.01.,Calcium-gated potassium channel MthK,3ldc,Methanobacterium thermoautotrophicum,4
1.1.12.01.,NaK potassium channel different strain of Bacillus cereus,3ouf,Bacillus cereus,4
1.1.12.01.,Voltage-gated sodium channel Nav1.7- NavAb,3rvy,Arcobacter butzleri,4
1.1.12.01.,Voltage-gated K+ channel,4h33,Listeria monocytogenes,4
1.1.12.01.,NaK-NavSulP chimera channel,3vou,Sulfitobacter sp.,4
1.1.12.01.,Voltage gated sodium channel NavMs open state,4f4l,Magnetococcus marinus ,4
1.1.12.01.,Bacterial cyclic nucleotide regulated ion channel different conformation,2zd9,Rhizobium loti,4
1.1.12.01.,Voltage-gated sodium channel NavAb different conformation,4ekw,Arcobacter butzleri,4
1.1.12.01.,Potassium channel KcsA 16 A opening conformer,3fb6,Streptomyces lividans,4
1.1.12.01.,Potassium channel KcsA 20 A opening conformer,3fb8,Streptomyces lividans,4
1.1.12.01.,Potassium channel KcsA complex with Rb+,3fb7,Streptomyces lividans,4
1.1.12.01.,Potassium channel Kv1.2. - Kv2.1. chimera complex with Charybdotoxin,4jtc,Rattus norvegicus,4
1.1.12.01.,Voltage-gated sodium channel,4bgn,Caldalkalibacillus thermarum,4
1.1.12.01.,Voltage gated sodium channel NavMs different open conformation ,3zjz,Magnetococcus marinus ,4
1.1.12.01.,Sodium channel,4lto,Alkalilimnicola ehrlichei,4
1.1.12.01.,Bacterial cyclic nucleotide regulated ion channel full structure,4chw,Rhizobium loti,4
1.1.12.01.,Bacterial cyclic nucleotide regulated ion channel full structure with cAMP,4chv,Rhizobium loti,4
1.1.12.01.,Potassium channel KcsA structure 2,4uuj,Streptomyces lividans,4
1.1.12.01.,Na(v)Rh voltage-gated sodium channel,4dxw,Alpha proteobacterium,4
1.1.12.01.,Voltage-dependent L-type calcium channel,3jbr,Oryctolagus cuniculus,2
1.1.12.01.,Voltage-gated sodium channel Nav1.7- NavAb with antagonist,5ek0,Arcobacter butzleri,4
1.1.12.02.,Potassium channel Kir 2.2  complex with pyrophosphate lipid ,3spc,Gallus gallus,4
1.1.12.02.,Potassium channel Kirbac1.1 closed state,1p7b,Burkholderia pseudomallei,4
1.1.12.02.,Kir3.1-prokaryotic Kir channel chimera,2qks,Burkholderia xenovorans,4
1.1.12.02.,Potassium channel Kir 2.2,3jyc,Gallus gallus,4
1.1.12.02.,Potassium channel Kirbac1.1 closed state refined,2wll,Burkholderia pseudomallei,4
1.1.12.02.,Potassium channel Kirbac3.1 closed conformation,2wlk,Magnetospirillum magnetotacticum,4
1.1.12.02.,G protein-activated inward rectifier potassium channel 2 (GIRK2 Kir3.2),3sya,Mus musculus,4
1.1.12.02.,Potassium channel Kirbac3.1 open conformation,3zrs,Magnetospirillum magnetotacticum,4
1.1.12.02.,Potassium channel Kir 2.2 complex with inositol lipid ,3spg,Gallus gallus,4
1.1.12.02.,G protein-activated inward rectifier potassium channel 2 diff. conf.,3syq,Mus musculus,4
1.1.12.02.,G protein-activated inward rectifier potassium channel 2,4kfm,Mus musculus,4
1.1.12.02.,Potassium channel Kirbac3.1 open conformation 2,4lp8,Magnetospirillum magnetotacticum,4
1.1.12.03.,TrkH/TrkA potassium transport complex,4j9u,Vibrio parahaemolyticus,2
1.1.12.03.,Potassium uptake protein TrkH,3pjz,Vibrio parahaemolyticus,2
1.1.12.03.,Multi-ligand gated K(+) channel TrkA mutant,4gx0,Geobacter sulfurreducens,4
1.1.12.03.,Multi-ligand gated K(+) channel TrkA,4gx5,Geobacter sulfurreducens,4
1.1.12.03.,TrkH/TrkA potassium transport complex structure 1,4j7c,Bacillus subtilis,2
1.1.12.03.,TrkH/TrkA potassium transport complex structure 2,5but,Bacillus subtilis,2
1.1.12.04.,TRPV1 ion channel,3j5p,Rattus norvegicus,4
1.1.12.04.,TRPV1 ion channel complex with DkTx and RTX toxins,3j5q,Rattus norvegicus,4
1.1.12.04.,Transient receptor potential cation channel A1 TRPA1,3j9p,Homo sapiens,4
1.1.12.04.,TRPV2 channel,5an8,Oryctolagus cuniculus,4
1.1.12.05.,Potassium channel KvAP sensor domain,1ors,Aeropyrum pernix,1
1.1.12.05.,Potassium channel KvAP sensor domain NMR model,2kyh,Aeropyrum pernix,1
1.1.12.05.,Voltage-sensor containing phosphatase conformation 1,4g80,Ciona intestinalis,1
1.1.12.05.,Voltage-sensor containing phosphatase conformation 2,4g7v,Ciona intestinalis,1
1.1.12.05.,voltage-gated sensor domain of proton channel Hv1,3wkv,Mus musculus,1
1.1.12.06.,Potassium channel subfamily K member 4 structure 1,3um7,Homo sapiens,2
1.1.12.06.,Potassium channel subfamily K member 1,3ukm,Homo sapiens,2
1.1.12.06.,Potassium channel subfamily K member 4 structure 2,4i9w,Homo sapiens,2
1.1.12.06.,Potassium channel subfamily K member 10 open state,4bw5,Homo sapiens,2
1.1.12.06.,Potassium channel subfamily K member 2,4twk,Homo sapiens,2
1.1.12.06.,Potassium channel subfamily K member 4 structure 3,4rue,Homo sapiens,2
1.1.12.06.,Potassium channel subfamily K member 4 structure 4,4ruf,Homo sapiens,2
1.1.12.06.,Potassium channel subfamily K member 10 closed state,4xdk,Homo sapiens,2
1.1.12.06.,Two pore calcium channel TPC1,5e1j,Arabidopsis thaliana,2
1.1.13.01.,Acid-sensing ion channel 1,2qts,Gallus gallus,3
1.1.13.01.,Acid-sensitive ion channel 1 at low pH,4nyk,Gallus gallus,3
1.1.13.01.,Acid-sensitive ion channel 1 with psalmotoxin at low pH,4fz0,Gallus gallus,3
1.1.13.01.,Acid-sensitive ion channel 1 with psalmotoxin,4fz1,Gallus gallus,3
1.1.13.01.,Acid-sensitive ion channel 1 with snake phospholipase A2,4ntx,Gallus gallus,3
1.1.13.02.,ATP-gated P2X4 ion channel closed state,3h9v,Danio rerio,3
1.1.13.02.,ATP-gated P2X4 ion channel open state,4dw1,Danio rerio,3
1.1.14.01.,Aquaporin Z,1rc2,Escherichia coli,4
1.1.14.01.,Glycerol uptake facilitator,1ldf,Escherichia coli,4
1.1.14.01.,Aquaporin-0 open state,2b6p,Bos taurus,4
1.1.14.01.,Aquaporin-0,2b6o,Ovis aries,4
1.1.14.01.,Aquaporin-1,1j4n,Bos taurus,4
1.1.14.01.,Aquaporin-0,1ymg,Bos taurus,4
1.1.14.01.,Aquaporin-1 structure 1,1h6i,Homo sapiens,4
1.1.14.01.,Aquaporin AqpM,2f2b,Methanobacterium thermoautotrophicum,4
1.1.14.01.,Aquaporin Sopip2 closed state,1z98,Spinacia oleracea,4
1.1.14.01.,Aquaporin Sopip2 open state,2b5f,Spinacia oleracea,4
1.1.14.01.,Aquaglyceroporin,3c02,Plasmodium falciparum,4
1.1.14.01.,Aquaporin-4,2d57,Rattus norvegicus,4
1.1.14.01.,Aquaporin AqpM,3ne2,Archaeoglobus fulgidus,4
1.1.14.01.,Aquaporin-5,3d9s,Homo sapiens,4
1.1.14.01.,Aquaporin-4,3gd8,Homo sapiens,4
1.1.14.01.,Aquaporin AQY1,2w2e,Pichia pastoris,4
1.1.14.01.,Aquaporin-4 different conformation of loops with lipids,2zz9,Rattus norvegicus,4
1.1.14.01.,Aquaporin Z2,3llq,Agrobacterium tumefaciens,4
1.1.14.01.,Aquaporin-0 alternative packing with lipids,3m9i,Ovis aries,4
1.1.14.01.,Aquaporin Sopip2 closed state 2,3cll,Spinacia oleracea,4
1.1.14.01.,Aquaporin-0 complex with calmodulin,3j41,Ovis aries,4
1.1.14.01.,Aquaporin-2 conformation 1,4nef,Homo sapiens,4
1.1.14.01.,Aquaporin-2 conformation 2,4oj2,Homo sapiens,4
1.1.14.01.,Aquaporin-1 structure 2,4csk,Homo sapiens,4
1.1.14.02.,Formate transporter 1 FocA,3kly,Vibrio cholerae,5
1.1.14.02.,Formate transporter 1 FocA,3kcu,Escherichia coli,5
1.1.14.02.,Formate transporter,3q7k,Salmonella enterica,5
1.1.14.02.,Formate/nitrite transporter,3tdp,Clostridium difficile,5
1.1.14.02.,Nitrite transporter NirC,4fc4,Salmonella typhimurium,5
1.1.15.01.,Nicotinic acetylcholine receptor partially open state,4aq9,Torpedo marmorata,5
1.1.15.01.,Nicotinic acetylcholine receptor closed state,2bg9,Torpedo marmorata,5
1.1.15.01.,Nicotinic acetylcholine receptor beta-2 in hexafluoroisopropanol/water,2ksr,Homo sapiens,1
1.1.15.01.,Glutamate-gated chloride channel GluCl with partial agonist,3rhw,Caenorhabditis elegans,5
1.1.15.01.,Nicotinic acetylcholine receptor beta-2 in LDAO micelles,2lm2,Homo sapiens,1
1.1.15.01.,Nicotinic acetylcholine receptor alpha-4 in LDAO micelles,2lly,Homo sapiens,1
1.1.15.01.,Glycine receptor alpha-1,2m6i,Homo sapiens,5
1.1.15.01.,Neuronal acetylcholine receptor alpha-7,2maw,Homo sapiens,1
1.1.15.01.,Gamma-aminobutyric acid receptor GABA,4cof,Homo sapiens,5
1.1.15.01.,5-hydroxytryptamine receptor 3A,4pir,Mus musculus,5
1.1.15.01.,Glutamate-gated chloride channel GluCl POPC-bound conformation,4tnw,Caenorhabditis elegans,5
1.1.15.01.,Glutamate-gated chloride channel GluCl apo (non-conducting state),4tnv,Caenorhabditis elegans,5
1.1.15.01.,Glycine receptor alpha-1 strychnine-bound state,3jad,Danio rerio,5
1.1.15.01.,Glycine receptor alpha-1 glycine-bound state,3jae,Danio rerio,5
1.1.15.01.,Glycine receptor alpha-1 glycine/ivermectin-bound state,3jaf,Danio rerio,5
1.1.15.01.,Glycine receptor alpha-3,5cfb,Homo sapiens,5
1.1.15.02.,Proton-gated ion channel inactive complex with acetylcholine,3rqw,Erwinia chrysanthemi,5
1.1.15.02.,Proton-gated ion channel inactive conformation,2vl0,Erwinia chrysanthemi,5
1.1.15.02.,Proton-gated ion channel open state,3eam,Gloeobacter violaceus,5
1.1.15.02.,Proton-gated ion channel different inactive conformation,3uq7,Erwinia chrysanthemi,5
1.1.15.02.,Proton-gated ion channel different conformation,4a97,Erwinia chrysanthemi,5
1.1.15.02.,Proton-gated ion channel closed conformation 1,3tlw,Gloeobacter violaceus,5
1.1.15.02.,Proton-gated ion channel closed conformation 2,4lmj,Gloeobacter violaceus,5
1.1.15.02.,Proton-gated ion channel closed conformation 3,4lml,Gloeobacter violaceus,5
1.1.15.02.,Proton-gated ion channel resting state,4npq,Gloeobacter violaceus,5
1.1.15.02.,Proton-gated ion channel pore blocker-bound conformation,4twd,Erwinia chrysanthemi,5
1.1.15.02.,Proton-gated ion channel - human GLRA1 channel chimera,4x5t,Gloeobacter violaceus,5
1.1.15.02.,Proton-gated ion channel Glic/Elic chimera,4yeu,Gloeobacter violaceus,5
1.1.16.01.,Glutamate receptor 2 with antagonist structure 1,3kg2,Rattus norvegicus,4
1.1.16.01.,Glutamate receptor ionotropic NMDA 1,4pe5,Rattus norvegicus,4
1.1.16.01.,N-methyl-d-aspartate receptor GluN1â€“GluN2B NMDA,4tlm,Xenopus laevis,4
1.1.16.01.,Glutamate receptor 2 with antagonist structure 2,4uqj,Rattus norvegicus,4
1.1.16.01.,Glutamate receptor 2 apo protein,4u2p,Rattus norvegicus,4
1.1.16.01.,Glutamate receptor 2 with partial agonist structure 1,4u1x,Rattus norvegicus,4
1.1.16.01.,Glutamate receptor 2 with partial agonist structure 2,4u1y,Rattus norvegicus,4
1.1.16.01.,Glutamate receptor 2 with partial agonist structure 3,4u1w,Rattus norvegicus,4
1.1.16.01.,Glutamate receptor 2 with partial agonist structure 4,4u2q,Rattus norvegicus,4
1.1.16.01.,Glutamate receptor 2 with conotoxin structure 1,4u5b,Rattus norvegicus,4
1.1.16.01.,Glutamate receptor 2 with conotoxin structure 2,4u5c,Rattus norvegicus,4
1.1.16.01.,Glutamate receptor 2 with conotoxin structure 3,4u5f,Rattus norvegicus,4
1.1.16.01.,Glutamate receptor 2 with partial agonist structure 5,4u4f,Rattus norvegicus,4
1.1.16.01.,Glutamate receptor 2 with partial agonist structure 6,4u4g,Rattus norvegicus,4
1.1.17.01.,Ammonia Channel,1u7g,Escherichia coli,3
1.1.17.01.,Ammonium transporter Amt-1,2b2f,Archaeoglobus fulgidus,3
1.1.17.01.,Rh-like protein,3b9y,Nitrosomonas europaea,3
1.1.17.01.,Rhesus Glycoprotein RhCG,3hd6,Homo sapiens,3
1.1.17.01.,Ammonia channel complex with inhibitory GlnK,2ns1,Escherichia coli,3
1.1.17.01.,Ammonium transporter MEP2,5aex,Saccharomyces cerevisiae,3
1.1.17.01.,Ammonium transporter MEP2,5aez,Candida albicans,3
1.1.17.02.,Urea transporter 1,4ezc,Bos taurus,3
1.1.17.02.,Urea transporter,3k3f,Desulfovibrio vulgaris,3
1.1.18.01.,Mechanosensitive channel MscL closed state,2oar,Mycobacterium tuberculosis,5
1.1.18.01.,Mechanosensitive channel MscL expanded state,3hzq,Staphylococcus aureus,4
1.1.18.01.,Mechanosensitive channel MscL expanded state,4y7j,Methanosarcina acetivorans,5
1.1.18.01.,Mechanosensitive channel MscL closed state,4y7k,Methanosarcina acetivorans,5
1.1.19.01.,Mechanosensitive channel protein MscS expanded state,2oau,Escherichia coli,7
1.1.19.01.,Mechanosensitive channel protein MscS open state,5aji,Escherichia coli,7
1.1.19.01.,Mechanosensitive channel protein MscS,3t9n,Thermoanaerobacter tengcongensis,7
1.1.19.01.,Mechanosensitive channel protein MscS slightly different conf.,3udc,Thermoanaerobacter tengcongensis,7
1.1.19.01.,Mechanosensitive channel protein MscS closed state,4hw9,Helicobacter pylori,7
1.1.20.01.,Connexin 26 gap junction channel structure 1,2zw3,Homo sapiens,6
1.1.20.01.,Connexin 26 gap junction channel structure 2,5er7,Homo sapiens,6
1.1.21.01.,CorA magnesium transporter structure 1,2bbj,Thermotoga maritima,5
1.1.21.01.,Magnesium transport protein CorA,4ev6,Methanococcus jannaschii,5
1.1.21.01.,CorA magnesium transporter structure 2,4eeb,Thermotoga maritima,5
1.1.21.01.,CorA magnesium transporter complete loops structure 1,4i0u,Thermotoga maritima,5
1.1.21.01.,CorA magnesium transporter structure 3,2iub,Thermotoga maritima,5
1.1.21.01.,CorA magnesium transporter complete loops structure 2,3jcf,Thermotoga maritima,5
1.1.22.01.,Pore-forming haemolysin E (ClyA),2wcd,Escherichia coli,12
1.1.23.01.,TMEM16 lipid scramblase,4wis,Nectria haematococca,2
1.1.24.01.,Bestrophin ion channel,4wd8,Klebsiella pneumoniae,5
1.1.24.01.,Bestrophin-1,4rdq,Gallus gallus,4
1.1.25.01.,Glycerol-3-phosphate transporter glpT,1pw4,Escherichia coli,1
1.1.25.02.,Lactose permease 	lacY structure at acidic pH,2cfp,Escherichia coli,1
1.1.25.02.,Lactose permease 	lacY conformation 1,2cfq,Escherichia coli,1
1.1.25.02.,Lactose/galactose transporter LacY,4oaa,Escherichia coli,1
1.1.25.02.,Lactose permease 	lacY conformation 2,2v8n,Escherichia coli,1
1.1.25.02.,Lactose permease 	lacY conformation 3,1pv6,Escherichia coli,1
1.1.25.02.,Lactose permease 	lacY conformation 4,2y5y,Escherichia coli,1
1.1.25.03.,Multidrug transporter EmrD,2gfp,Escherichia coli,1
1.1.25.03.,Arginine/agmatine antiporter (AdiC) outward-facing conformation,3h5m,Torpedo californica,2
1.1.25.03.,Transporter YajR ,3wdo,Escherichia coli,1
1.1.25.03.,Multidrug transporter MdfA,4zp0,Escherichia coli,1
1.1.25.04.,L-fucose-proton symporter fucP,3o7q,Escherichia coli,1
1.1.25.05.,Di- or tripeptide transporter,4w6v,Yersinia enterocolitica,1
1.1.25.05.,Nitrate transporter NRT1/ PTR structure 2,5a2n,Arabidopsis thaliana,1
1.1.25.05.,Glutathione uptake transporter structure 1,2xut,Shewanella oneidensis,1
1.1.25.05.,Bacterial proton:oligopeptide symporter structure 1,4lep,Shewanella oneidensis,1
1.1.25.05.,Proton-dependent oligopeptide transporter conformation 1,4ikv,Geobacillus kaustophilus,1
1.1.25.05.,Proton-dependent oligopeptide transporter conformation 2,4iky,Geobacillus kaustophilus,1
1.1.25.05.,Proton-dependent oligopeptide transporter conformation 3,4ikx,Geobacillus kaustophilus,1
1.1.25.05.,Nitrate transporter NRT1/ PTR structure 1,4cl4,Arabidopsis thaliana,1
1.1.25.05.,Nitrate transporter NRT1/ PTR dimer,4oh3,Arabidopsis thaliana,2
1.1.25.05.,Di-or tripeptide:H+ symporter inward open conformation,4aps,Streptococcus thermophilus,1
1.1.25.05.,Di-or tripeptide:H+ symporter inward open peptide-bound,4d2d,Streptococcus thermophilus,1
1.1.25.05.,Bacterial proton:oligopeptide symporter structure 2,4tpg,Shewanella oneidensis,14
1.1.25.05.,Bacterial proton:oligopeptide symporter structure 3,4tpj,Shewanella oneidensis,1
1.1.25.05.,Dipeptide permease D,4q65,Escherichia coli,1
1.1.25.05.,Glutathione uptake transporter structure 2,4uvm,Shewanella oneidensis,1
1.1.25.06.,Glucose transporter GLUT3/SLC2A3 outward-open,4zwc,Homo sapiens,1
1.1.25.06.,Phosphate transporter,4j05,Acanthamoeba culbertsoni,1
1.1.25.06.,D-xylose-proton symporter 	xylE conformation 1,4gc0,Escherichia coli,1
1.1.25.06.,D-xylose-proton symporter xylE conformation 2,4ja3,Escherichia coli,1
1.1.25.06.,D-xylose-proton symporter xylE conformation 3,4ja4,Escherichia coli,1
1.1.25.06.,Bicyclomycin resistance protein TcaB,4lds,Staphylococcus epidermidis,1
1.1.25.06.,Glucose transporter GLUT1,4pyp,Homo sapiens,1
1.1.25.06.,D-xylose-proton symporter xylE conformation 4,4qiq,Escherichia coli,1
1.1.25.06.,Glucose transporter GLUT3/SLC2A3 outward-occluded,4zw9,Homo sapiens,1
1.1.25.06.,Glucose transporter GLUT5 inward-open,4yb9,Bos taurus,1
1.1.25.06.,Glucose transporter GLUT5 outward-open,4ybq,Rattus norvegicus,1
1.1.25.07.,Nitrite exporter NarU,4iu9,Escherichia coli,1
1.1.25.07.,Nitrate/nitrite exchanger NarK partially occluded state,4jr9,Escherichia coli,1
1.1.25.07.,Nitrate/nitrite exchanger NarK occluded state,4u4w,Escherichia coli,1
1.1.25.07.,Nitrate/nitrite exchanger NarK inward-open state,4u4t,Escherichia coli,1
1.1.25.08.,Na+/melibiose symporter,4m64,Salmonella typhimurium,1
1.1.25.09.,Iron-regulated transporter outward-facing state,5ayn,Bdellovibrio bacteriovorus,1
1.1.25.09.,Iron-regulated transporter inward-facing state,5ayo,Bdellovibrio bacteriovorus,1
1.1.26.01.,Leucine transporter LeuT outward-facing substrate-bound conformation,2a65,Aquifex aeolicus,2
1.1.26.01.,Leucine transporter LeuT inward-facing conformation,3tt3,Aquifex aeolicus,1
1.1.26.01.,Leucine transporter LeuT outward-facing conformation from bicelles,4fxz,Aquifex aeolicus,2
1.1.26.01.,Leucine transporter LeuT outward-facing substrate-free conformation,3tt1,Aquifex aeolicus,2
1.1.26.01.,Dopamine transporter outward-facing conformation,4m48,Drosophila melanogaster,1
1.1.26.01.,MhsT transporter inward-facing state,4us3,Bacillus halodurans,1
1.1.26.02.,Sodium-hydantoin transporter Mhp1 outward-facing conformation 2,2jln,Mycobacterium liquefaciens,1
1.1.26.02.,Sodium-hydantoin transporter Mhp1 inward-facing conformation,2x79,Mycobacterium liquefaciens,1
1.1.26.02.,Sodium-hydantoin transporter Mhp1 outward-facing conformation 1,4d1b,Mycobacterium liquefaciens,1
1.1.26.03.,Sodium/sugar symporter vSGLT substrate-bound,3dh4,Vibrio parahaemolyticus,2
1.1.26.03.,Sodium/sugar symporter vSGLT substrate-free,2xq2,Vibrio parahaemolyticus,2
1.1.26.04.,L-carnitine/gamma-butyrobetaine antiporter CaiT substrate-bound,3hfx,Escherichia coli,3
1.1.26.04.,L-carnitine/gamma-butyrobetaine antiporter CaiT open inward-facing conformation,2wsx,Escherichia coli,3
1.1.26.04.,L-carnitine/gamma-butyrobetaine antiporter CaiT open inward-facing conformation,2wsw,Proteus mirabilis,3
1.1.26.04.,Glycine betaine transporter BetP substrate-bound,2wit,Corynebacterium glutamicum,3
1.1.26.04.,Glycine betaine transporter BetP alternative inward-facing open conformation,3p03,Corynebacterium glutamicum,3
1.1.26.04.,Glycine betaine transporter BetP asymmetric trimer conformation 2,4doj,Corynebacterium glutamicum,3
1.1.26.04.,Glycine betaine transporter BetP asymmetric trimer conformation 1,4ain,Corynebacterium glutamicum,3
1.1.26.04.,L-carnitine/gamma-butyrobetaine antiporter,4m8j,Proteus mirabilis,3
1.1.26.04.,Glycine betaine transporter BetP inward-facing conformation,4c7r,Corynebacterium glutamicum,3
1.1.26.04.,Glycine betaine transporter BetP  outward-open,4llh,Corynebacterium glutamicum,3
1.1.26.05.,Arginine/agmatine transporter (AdiC)  substrate-bound,3l1l,Escherichia coli,2
1.1.26.05.,Arginine/agmatine antiporter (AdiC) outward-facing conformation,3hqk,Salmonella enterica,2
1.1.26.05.,Amino acid transporter ApcT inward-facing conformation,3gia,Methanococcus jannaschii,1
1.1.26.05.,Arginine/agmatine transporter (AdiC) intermediate conformation,3ob6,Escherichia coli,2
1.1.26.05.,Glutamate/gamma-aminobutyrate antiporter,4dji,Escherichia coli,1
1.1.26.06.,Uracil transporter UraA,3qe7,Escherichia coli,1
1.1.26.07.,Fumarate transporter,5da0,Deinococcus radiodurans,1
1.1.26.07.,STAS domain of anion permease,3oiz,Rhodobacter sphaeroides,1
1.1.26.07.,STAS domain of sulfate permease,4dgh,Vibrio cholerae,1
1.1.26.07.,STAS domain of prestin,3llo,Rattus norvegicus,1
1.1.26.07.,STAS domain of sulfate permease,4dgf,Wolinella succinogenes,1
1.1.26.08.,Band 3 anion transport protein,4yzf,Homo sapiens,2
1.1.27.01.,Ferrous-iron efflux pump fieF different conformation,2qfi,Escherichia coli,2
1.1.27.01.,Ferrous-iron efflux pump fieF,3h90,Escherichia coli,2
1.1.27.01.,Zinc transporter YiiP inward-facing conformation,3j1z,Shewanella oneidensis,2
1.1.28.01.,Multidrug efflux transporter AcrB asymmetric,2gif,Escherichia coli,3
1.1.28.01.,Multidrug efflux transporter AcrB asymmetric complex with ankyrin repeat 1,4dx5,Escherichia coli,3
1.1.28.01.,Multidrug efflux transporter AcrB with YajC subunit  symmetric,2rdd,Escherichia coli,6
1.1.28.01.,Multidrug exporter MexB,2v50,Pseudomonas aeruginosa,3
1.1.28.01.,Multidrug efflux transporter AcrB symmetric,3d9b,Escherichia coli,3
1.1.28.01.,Multidrug efflux transporter AcrB asymmetric complex with ankyrin repeat 2,3nog,Escherichia coli,3
1.1.28.01.,Heavy metal cation tricomponent efflux pump ZneA,4k0e,Ralstonia metallidurans,3
1.1.28.01.,Multidrug efflux transporter AcrB-AcrZ complex,4c48,Escherichia coli,6
1.1.28.01.,Drug efflux protein MtrD,4mt1,Neisseria gonorrhoeae,3
1.1.28.02.,Efflux transporter CusA apo-protein,3k07,Escherichia coli,3
1.1.28.02.,Efflux transporter CusA Cu(i) complex,3kss,Escherichia coli,3
1.1.28.02.,Efflux transporter CusA complex with CusB,3ne5,Escherichia coli,3
1.1.28.02.,Efflux transporter CusA complex with CusB pre-extrusion state,3t56,Escherichia coli,3
1.1.28.03.,SecDF protein-export membrane protein,3aqp,Thermus thermophilus,1
1.1.30.01.,Membrane protein insertase YidC periplasmic domain,3blc,Escherichia coli,1
1.1.30.01.,Membrane protein insertase YidC 2,3wo7,Bacillus halodurans,1
1.1.30.01.,Membrane protein insertase YidC,3wvf,Escherichia coli,1
1.1.30.01.,YidC-like protein,5c8j,Methanococcus jannaschii,1
1.1.31.01.,Tellurite resistance protein tehA homolog,3m73,Haemophilus influenzae,3
1.1.32.01.,Proton glutamate symport protein outward-facing state 1,2nwl,Pyrococcus horikoshii,3
1.1.32.01.,Proton glutamate symport protein inward-facing state 1,3kbc,Pyrococcus horikoshii,3
1.1.32.01.,Proton glutamate symport protein outward-facing state 2,2nww,Pyrococcus horikoshii,3
1.1.32.01.,Proton glutamate symport protein mixed inward/outward trimer,3v8g,Pyrococcus horikoshii,3
1.1.32.01.,Proton/glutamate symporter,4ky0,Pyrococcus kodakaraensis,3
1.1.32.01.,Proton glutamate symport protein inward-facing state 2,4p19,Pyrococcus horikoshii,3
1.1.32.01.,Proton glutamate symport protein outward-facing state 3,4oyg,Pyrococcus horikoshii,3
1.1.32.01.,Proton glutamate symport protein outward-facing state 4,4oye,Pyrococcus horikoshii,3
1.1.32.01.,Proton glutamate symport protein inward-facing state 3,4x2s,Pyrococcus horikoshii,3
1.1.33.02.,Bile acid sodium symporter ASBT inward-open conformation,3zuy,Neisseria meningitidis,1
1.1.33.02.,Sodium bile acid symporter outward-open conformation 1,4n7x,Yersinia frederiksenii,1
1.1.33.02.,Sodium bile acid symporter inward-open conformation 2,4n7w,Yersinia frederiksenii,10
1.1.34.01.,Mitochondrial ADP-ATP carrier,1okc,Bos taurus,1
1.1.34.01.,Mitochondrial uncoupling protein 2,2lck,Mus musculus,1
1.1.34.01.,Mitochondrial ADP-ATP carrier with carboxyatractyloside,2c3e,Bos taurus,1
1.1.34.01.,Mitochondrial ADP-ATP carrier conformation 1,4c9g,Saccharomyces cerevisiae,1
1.1.34.01.,Mitochondrial ADP-ATP carrier conformation 2,4c9q,Saccharomyces cerevisiae,1
1.1.34.01.,Mitochondrial ADP-ATP carrier dimer conformation 1,4c9h,Saccharomyces cerevisiae,2
1.1.35.01.,Sodium/proton antiporter 1 (NhaA),1zcd,Escherichia coli,1
1.1.35.01.,Sodium/proton antiporter 1 (NhaA) dimer,3fi1,Escherichia coli,2
1.1.35.01.,Sodium/proton antiporter 1 (NhaA) dimer different conformation,4atv,Escherichia coli,2
1.1.35.02.,Na+/H+ antiporter,4bwz,Thermus thermophilus,2
1.1.35.02.,Na+/H+ antiporter 1 inward-open conformation,4czb,Methanococcus jannaschii,26
1.1.35.02.,Na+/H+ antiporter 1 outward-open conformation,4d0a,Methanococcus jannaschii,2
1.1.35.02.,Na+/H+ antiporter structure 1,4cz8,Pyrococcus abyssi,2
1.1.35.02.,Na+/H+ antiporter structure 2,4cz9,Pyrococcus abyssi,2
1.1.35.02.,Na+/H+ antiporter inward-open conformation,5bz2,Thermus thermophilus,2
1.1.35.02.,Na+/H+ antiporter outward-open conformation,5bz3,Thermus thermophilus,2
1.1.35.03.,Citrate-sodium symporter,5a1s,Salmonella enterica,2
1.1.36.01.,ClC chloride transporter,1ots,Escherichia coli,2
1.1.36.01.,ClC chloride transporter,1kpl,Salmonella enterica,2
1.1.36.01.,ClC chloride transporter,3org,Cyanidoschyzon merolae,2
1.1.36.01.,ClC chloride transporter,3nd0,Synechocystis sp.,2
1.1.37.01.,Divalent metal cation transporter MntH,4wgv,Staphylococcus capitis,1
1.1.38.01.,H+-driven MATE exporter outward-open straight conformation,3wbn,Pyrococcus furiosus,1
1.1.38.01.,H+-driven MATE exporter outward-open "bent" conformation,3vvo,Pyrococcus furiosus,1
1.1.38.01.,H+-driven MATE exporter outward-open with nonpeptide inhibitor,3vvp,Pyrococcus furiosus,1
1.1.38.01.,Na+/drug antiporter NorM outward-open,3mkt,Vibrio cholerae,1
1.1.38.01.,Na+/drug antiporter NorM outward-open structure 1,4hum,Neisseria gonorrhoeae,1
1.1.38.01.,H+-driven MATE exporter outward-open different conformation,4mlb,Pyrococcus furiosus,1
1.1.38.01.,MATE multidrug transporter DinF-BH,4lz6,Bacillus halodurans,1
1.1.38.01.,Na+/drug antiporter NorM outward-open structure 2,5c6p,Neisseria gonorrhoeae,1
1.1.38.01.,Multidrug transporter MatE,4z3n,Escherichia coli,1
1.1.39.01.,Riboflavin transporter RibU,3p5n,Staphylococcus aureus,1
1.1.39.02.,Thiamine transporter protein ThiT,3rlb,Lactococcus lactis,1
1.1.39.02.,Biotin transporter BioY,4dve,Lactococcus lactis,1
1.1.39.02.,Thiamine transporter ThiA,4tkr,Listeria monocytogenes,1
1.1.39.03.,Energy-coupling factor transporter EcfA conformation 1,4hzu,Lactobacillus brevis,2
1.1.39.03.,Energy-coupling factor transporter EcfA conformation 2,4huq,Lactobacillus brevis,2
1.1.39.03.,Energy-coupling factor transporter EcfA conformation 3,4rfs,Lactobacillus brevis,2
1.1.39.03.,Folate ECF transporter,4z7f,Enterococcus faecalis,1
1.1.39.04.,Nickel/cobalt transporter CbiM,4m58,Thermoanaerobacter tengcongensis,1
1.1.40.01.,Glutamate-dependent intramembrane protease Rce1,4cad,Saccharomyces cerevisiae,1
1.1.41.01.,Bacterial semiSWEET transporter,4qnc,Leptospira biflexa,2
1.1.41.01.,Bacterial semiSWEET transporter,4qnd,Vibrio sp.,2
1.1.41.01.,Bacterial semiSWEET transporter,4rng,Thermodesulfovibrio yellowstonii,2
1.1.41.01.,Bacterial semiSWEET transporter inward-open conformation,4x5m,Escherichia coli,2
1.1.41.01.,Bacterial semiSWEET transporter outward-open conformation,4x5n,Escherichia coli,2
1.1.41.01.,Magnesium ion transporter-E (MgtE) structure 1,2yvx,Thermus thermophilus,2
1.1.41.01.,Magnesium ion transporter-E (MgtE) structure 2,4u9n,Thermus thermophilus,2
1.1.41.02.,Bidirectional sugar transporter SWEET2b,5ctg,Oryza sativa (Rice),3
1.1.42.01.,Nicotinamide riboside transporter PnuC,4qtn,Neisseria mucosa,3
1.1.43.01.,Saccharide transporter component EIIC (ChbC),3qnq,Bacillus cereus,2
1.1.44.01.,DsbB - DsbA complex conformation 1,2hi7,Escherichia coli,1
1.1.44.01.,Disulfide bond formation protein B conformation 1,2k74,Escherichia coli,1
1.1.44.01.,DsbB - DsbA complex conformation 2,2zup,Escherichia coli,1
1.1.44.01.,Disulfide bond formation protein B conformation 3,2zuq,Escherichia coli,1
1.1.44.01.,DsbB-DsbA complex conformation 3,2leg,Escherichia coli,1
1.1.44.01.,Disulfide bond formation protein B conformation 2,2ltq,Escherichia coli,1
1.1.44.01.,DsbB - DsbA complex conformation 4,3e9j,Escherichia coli,1
1.1.46.01.,MerF bacterial mercury uptake transporter structure 1,2lj2,Morganella morganii,1
1.1.46.01.,MerF bacterial mercury uptake transporter structure 2,2m67,Morganella morganii,1
1.1.46.01.,MerF bacterial mercury uptake transporter structure 3,2moz,Morganella morganii,1
1.1.47.01.,Sensor protein kdpD,2ksf,Escherichia coli,1
1.1.47.01.,Aerobic respiration control sensor protein acrB,2ksd,Escherichia coli,1
1.1.47.01.,Sensor protein qseC,2kse,Escherichia coli,1
1.1.48.01.,Putative sulfate permease CysZ,3tx3,Idiomarina loihiensis,1
1.1.49.01.,ATP-dependent zinc metalloprotease FtsH,3kds,Thermotoga maritima,6
1.1.49.01.,ATP-dependent zinc metalloprotease FtsH,1lv7,Escherichia coli,1
1.1.50.01.,Particulate methane monooxygenase,1yew,Methylococcus capsulatus,9
1.1.50.01.,Particulate methane monooxygenase,3chx,Methylosinus trichosporium,10
1.1.50.01.,Particulate methane monooxygenase different structure,3rgb,Methylococcus capsulatus,9
1.1.50.01.,Particulate methane monooxygenase,4phz,Methylocystis sp.,12
1.1.51.01.,Vitamin K epoxide reductase conformation 1,4nv6,Synechococcus sp.,1
1.1.51.01.,Vitamin K epoxide reductase conformation 2,4nv2,Synechococcus sp.,1
1.1.52.01.,Oligosaccharyltransferase PglB,3rce,Campylobacter lari,1
1.1.52.01.,Transmembrane oligosaccharyl transferase,3wak,Archaeoglobus fulgidus,1
1.1.52.02.,4-amino-4-deoxy-L-arabinose transferase,5f15,Cupriavidus metallidurans,1
1.1.53.01.,Integral Membrane Methyltransferase,4a2n,Methanosarcina acetivorans,1
1.1.54.01.,Diacylglycerol kinase (DAGK) NMR model,2kdc,Escherichia coli,3
1.1.54.01.,Diacylglycerol kinase (DAGK) conformation 1,3ze5,Escherichia coli,3
1.1.54.01.,Diacylglycerol kinase (DAGK) conformation 2,4bpd,Escherichia coli,3
1.1.54.01.,Diacylglycerol kinase (DAGK) conformation 3,4d2e,Escherichia coli,3
1.1.55.01.,Bacterial polysaccharide co-polymerase FepE,3b8n,Escherichia coli,9
1.1.56.01.,Steryl-sulfatase,1p49,Homo sapiens,1
1.1.56.01.,Glycerol phosphate lipoteichoic acid synthase 2,2w8d,Bacillus subtilis,1
1.1.56.01.,Glycerol phosphate lipoteichoic acid synthase,2w5q,Staphylococcus aureus,1
1.1.57.01.,Peptidase A24B FlaK domain protein,3s0x,Methanococcus maripaludis,1
1.1.57.02.,Intramembrane aspartate protease,4hyg,Methanoculleus marisnigri,3
1.1.57.03.,Gamma-secretase complex structure 2,4uis,Homo sapiens,4
1.1.57.03.,Gamma-secretase complex structure 1,5a63,Homo sapiens,4
1.1.57.03.,Gamma-secretase complex structure 3,5fn2,Homo sapiens,4
1.1.57.03.,Gamma-secretase complex structure 4,5fn3,Homo sapiens,5
1.1.57.03.,Gamma-secretase complex structure 5,5fn4,Homo sapiens,5
1.1.57.03.,Gamma-secretase complex structure 6,5fn5,Homo sapiens,4
1.1.58.01.,Site-2 protease (S2P) metalloprotease,3b4r,Methanococcus jannaschii,1
1.1.59.01.,Membrane protease specific for a stomatin homolog monomer,3bpp,Pyrococcus horikoshii,1
1.1.59.01.,Membrane protease specific for a stomatin homolog dimer,3viv,Pyrococcus horikoshii,2
1.1.60.01.,Protease GlpG,2nr9,Haemophilus influenzae,1
1.1.60.01.,Protease GlpG complex with inhibitor conformation 1,2xow,Escherichia coli,1
1.1.60.01.,Protease GlpG conformation 1,2xtv,Escherichia coli,1
1.1.60.01.,Protease GlpG complex with inhibitor conformation 2,3zeb,Escherichia coli,1
1.1.60.01.,Protease GlpG complex with inhibitor conformation 3,3ubb,Escherichia coli,1
1.1.60.01.,Protease GlpG conformation 2,2nrf,Escherichia coli,1
1.1.60.01.,Protease GlpG conformation 3,2irv,Escherichia coli,1
1.1.60.01.,Protease GlpG crystallographic trimer,4h1d,Escherichia coli,3
1.1.60.01.,Protease GlpG complex with peptide-based inhibitor,4qo2,Escherichia coli,1
1.1.61.01.,Microsomal prostaglandin E synthase 1 structure 3,4yl3,Homo sapiens,3
1.1.61.01.,Leukotriene C4 synthase,2uuh,Homo sapiens,3
1.1.61.01.,Microsomal glutathione S-transferase 1,2h8a,Rattus norvegicus,3
1.1.61.01.,FLAP protein (5-lipoxygenase activator),2q7r,Homo sapiens,3
1.1.61.01.,Microsomal prostaglandin E synthase 1 structure 1,3dww,Homo sapiens,3
1.1.61.01.,Microsomal prostaglandin E synthase 1 structure 2,4bpm,Homo sapiens,3
1.1.61.01.,Leukotriene C4 synthase,4ntf,Mus musculus,3
1.1.62.01.,Diguanylate cyclase/phosphodiesterase,3pjv,Pseudomonas fluorescens,5
1.1.63.01.,Type 1 signal peptidase  complex with lipopeptide inhibitor,1t7d,Escherichia coli,1
1.1.63.01.,Type 1 signal peptidase complex with inhibitor,1b12,Escherichia coli,1
1.1.63.01.,Type 1 signal peptidase apo-enzyme,1kn9,Escherichia coli,1
1.1.63.01.,Signal peptidase I,3iiq,Escherichia coli,2
1.1.64.01.,Sodium/calcium exchanger,3v5u,Methanococcus jannaschii,1
1.1.64.01.,Sodium/calcium exchanger different conformation ,3v5s,Methanococcus jannaschii,1
1.1.64.01.,Vacuolar calcium ion transporter,4k1c,Saccharomyces cerevisiae,1
1.1.64.01.,H+/Ca2+ exchanger,4kpp,Archaeoglobus fulgidus,1
1.1.64.01.,Ca2+/H+ antiporter YfkE different conformation,4kjs,Bacillus subtilis,3
1.1.64.01.,Ca2+/H+ antiporter YfkE,4kjr,Bacillus subtilis,3
1.1.65.01.,Concentrative nucleoside transporter,3tij,Vibrio cholerae,3
1.1.66.01.,Proton-translocating pyrophosphatase,4a01,Vigna radiata (Mung bean),2
1.1.66.01.,K(+)-stimulated pyrophosphate-energized sodium pump state1,4av3,Thermotoga maritima,2
1.1.66.01.,K(+)-stimulated pyrophosphate-energized sodium pump state2,4av6,Thermotoga maritima,2
1.1.67.01.,Transmembrane proteins 14A,2lop,Homo sapiens,1
1.1.67.01.,Transmembrane protein 14C,2los,Homo sapiens,1
1.1.68.01.,Transmembrane protein 141,2lor,Homo sapiens,1
1.1.69.01.,HIG1 domain family member 1A,2lom,Homo sapiens,1
1.1.69.01.,HIG1 domain family member 1B,2lon,Homo sapiens,1
1.1.70.01.,CAAX prenyl protease 1 homolog,4aw6,Homo sapiens,1
1.1.70.01.,CaaX Protease Ste24p,4il3,Saccharomyces mikatae,1
1.1.71.01.,SidF inhibitor of growth family member 3,4fyg,Legionella pneumophila,1
1.1.71.01.,Legionalla phosphoinositide phosphatase SidP,4jza,Legionella pneumophila,1
1.1.72.01.,Dicarboxylate/sodium symporter NadC,4f35,Vibrio cholerae,2
1.1.72.02.,Antibiotic resistance efflux pump MtrF,4r1i,Neisseria gonorrhoeae,2
1.1.72.02., YdaH transporter,4r0c,Alcanivorax borkumensis,2
1.1.73.01.,Outer membrane complex of type IV secretion system (VirB7/VirB9/VirB10 complex),3jqo,Escherichia coli,14
1.1.73.01.,TrbI protein,2bhv,Helicobacter pylori,1
1.1.74.01.,Calcium release-activated calcium channel protein 1,4hkr,Drosophila melanogaster,6
1.1.75.01.,Sec-independent protein translocase TatC,4b4a,Aquifex aeolicus,1
1.1.75.02.,Sec-independent protein translocase TatA,2l16,Bacillus subtilis,1
1.1.75.02.,Sec-independent protein translocase TatA,2lzr,Escherichia coli,1
1.1.75.02.,Sec-independent protein translocase TatA nonamer model,2lzs,Escherichia coli,9
1.1.75.02.,Sec-independent protein translocase TatA dimer,2mn6,Escherichia coli,2
1.1.75.03.,Sec-independent protein translocase protein TatB,2mi2,Escherichia coli,1
1.1.76.01.,Acid-activated urea channel,3ux4,Helicobacter pylori,6
1.1.77.01.,Cellulose synthase structure 1,4hg6,Rhodobacter sphaeroides,2
1.1.77.01.,Cellulose synthase structure 2,4p00,Rhodobacter sphaeroides,2
1.1.77.01.,Cellulose synthase structure 3,4p02,Rhodobacter sphaeroides,2
1.1.78.01.,Reticulon-4,2ko2,Mus musculus,1
1.1.79.01.,P7 protein (747-809) structure 1,3zd0,Hepatitis C virus,1
1.1.79.01.,P7 protein (747-809) structure 2,2mts,Hepatitis C virus,1
1.1.80.01.,Phospho-N-acetylmuramoyl-pentapeptide-transferase,4j72,Aquifex aeolicus,2
1.1.81.01.,P7 viral protein,2m6x,Hepatitis C virus,6
1.1.82.01.,4-hydroxybenzoate octaprenyltransferase,4od5,Aeropyrum pernix,1
1.1.82.01.,Bacteriochlorophyll synthase,4tq4,Archaeoglobus fulgidus,1
1.1.83.01.,Mitochondrial translocator protein TSPO model 1,2mgy,Mus musculus,1
1.1.83.01.,Bacterial translocator protein dimer,4ryi,Bacillus cereus,2
1.1.83.01.,Bacterial translocator protein monomer,4rym,Bacillus cereus,1
1.1.83.01.,TspO protein structure 1,4uc1,Rhodobacter sphaeroides,2
1.1.83.01.,TspO protein structure 2,4uc2,Rhodobacter sphaeroides,2
1.1.83.01.,TspO protein structure 3,4uc3,Rhodobacter sphaeroides,2
1.1.83.01.,Mitochondrial translocator protein TSPO model 2,2n02,Mus musculus,1
1.1.84.01.,CDP-alcohol phosphatidyltransferase,4o6m,Archaeoglobus fulgidus,2
1.1.84.01.,Bifunctional IPC transferase and DIPP synthase,4mnd,Archaeoglobus fulgidus,2
1.1.84.01.,Phosphatidylinositolphosphate synthase structure 1,5d92,Renibacterium salmoninarum,2
1.1.84.01.,Phosphatidylinositolphosphate synthase structure 2,5d91,Renibacterium salmoninarum,1
1.1.85.01.,Claudin-15,4p79,Mus musculus,1
1.1.85.01.,Claudin-19,3x29,Mus musculus,1
1.1.86.01.,Protein YetJ closed conformation,4pgr,Bacillus subtilis,1
1.1.86.01.,Protein YetJ open conformation,4pgs,Bacillus subtilis,1
1.1.87.01.,Phosphatidylglycerophosphatase,4px7,Escherichia coli,1
1.1.88.01.,NAD(P) transhydrogenase structure 1,4o9p,Thermus thermophilus,4
1.1.88.01.,NAD(P) transhydrogenase structure 2,4o9u,Thermus thermophilus,4
1.1.89.01.,Inner membrane protein YgaP,2mpn,Escherichia coli,2
1.1.90.01.,Phosphatidate cytidylyltransferase conformation 1,4q2e,Thermotoga maritima,2
1.1.90.01.,Phosphatidate cytidylyltransferase conformation 2,4q2g,Thermotoga maritima,2
1.1.91.01.,Delta(14)-sterol reductase,4quv,Methylomicrobium alcaliphilum,1
1.1.92.01.,Na(+)-translocating NADH-quinone reductase,4p6v,Vibrio cholerae,5
1.1.93.01.,Cell division protein CrgA,2mmu,Mycobacterium tuberculosis,1
1.1.94.01.,Ascorbate-specific permease IIC component UlaA structure 1,4rp8,Escherichia coli,2
1.1.94.01.,Ascorbate-specific permease IIC component UlaA structure 2,4rp9,Escherichia coli,2
1.1.95.01.,Acyl-CoA desaturase,4zyo,Homo sapiens,1
1.1.95.01.,Acyl-CoA desaturase,4ymk,Mus musculus,1
1.1.95.02.,Ceramide fatty acid hydroxylase SCS7,4zr1,Saccharomyces cerevisiae,1
1.1.96.01.,Fluoride ion transporter CrcB,5a43,Escherichia coli,2
1.1.96.01.,Fluoride ion transporter CrcB,5a40,Bordetella pertussis,2
1.1.97.01.,Mycobacterial Insig homolog MvINS,4xu4,Mycobacterium vanbaalenii,3
1.1.98.01.,Polyisoprenyl-phosphate glycosyltransferase GtrB,5eke,Synechocystis sp.,4
1.1.99.01.,Prolipoprotein diacylglyceryl transferase,5azb,Escherichia coli,1
